Entity,Code,Year,Deaths - Self-harm - Sex: Both - Age: Age-standardized (Rate)
Afghanistan,AFG,2015,9.447661386713214
Afghanistan,AFG,2016,9.346730598226989
Afghanistan,AFG,2017,9.319113990673797
Afghanistan,AFG,2018,9.251599861848334
Afghanistan,AFG,2019,9.251599861848334
Albania,ALB,2015,5.196816017421632
Albania,ALB,2016,5.216570182910869
Albania,ALB,2017,5.1910832889368255
Albania,ALB,2018,5.1555791065945815
Albania,ALB,2019,5.108780608470021
Algeria,DZA,2015,4.349270120454093
Algeria,DZA,2016,4.329456577276137
Algeria,DZA,2018,4.187814700214089
Algeria,DZA,2019,4.12430646193392
American Samoa,ASM,2015,6.663810971134486
American Samoa,ASM,2016,6.684827127764758
American Samoa,ASM,2017,6.792609724878695
American Samoa,ASM,2018,6.753623477370727
American Samoa,ASM,2019,6.738544883871505
Andean Latin America,,2015,5.555712041007107
Andean Latin America,,2016,5.555712041007107
Andean Latin America,,2017,5.467845591408218
Andean Latin America,,2018,5.410889213020925
Andean Latin America,,2019,5.3897304691662695
Andorra,AND,2015,8.290929386526129
Andorra,AND,2016,8.083799954684824
Andorra,AND,2017,7.967667371052503
Andorra,AND,2018,7.944369505043817
Andorra,AND,2019,7.912272825130796
Angola,AGO,2015,12.740104784941169
Angola,AGO,2016,12.335099860015674
Angola,AGO,2017,12.169014682016732
Angola,AGO,2018,11.988163869286755
Angola,AGO,2019,11.966305347435878
Antigua and Barbuda,ATG,2015,2.659581833268507
Antigua and Barbuda,ATG,2016,2.6775671497862943
Antigua and Barbuda,ATG,2017,2.6825006871484764
Antigua and Barbuda,ATG,2018,2.66448170217984
Antigua and Barbuda,ATG,2019,2.6501244964816064
Argentina,ARG,2015,11.074010405223703
Argentina,ARG,2016,10.820288684217376
Argentina,ARG,2017,10.570320576512202
Argentina,ARG,2018,10.627445853661275
Argentina,ARG,2019,10.609681948258855
Armenia,ARM,2015,8.60233867733516
Armenia,ARM,2016,8.517576391146385
Armenia,ARM,2017,8.522066347590416
Armenia,ARM,2018,8.46402359304092
Armenia,ARM,2019,8.263799266107089
Australasia,,2015,10.630708263539947
Australasia,,2016,10.959645798937117
Australasia,,2017,11.22540327966081
Australasia,,2018,11.097692570154301
Australasia,,2019,11.08220908044785
Australia,AUS,2015,10.533589553159171
Australia,AUS,2016,10.96272686071075
Australia,AUS,2017,11.277802198153564
Australia,AUS,2018,11.081869871307234
Australia,AUS,2019,11.04688494037095
Austria,AUT,2015,11.891660917507098
Austria,AUT,2016,11.841427022802556
Austria,AUT,2017,11.770476394482765
Austria,AUT,2018,11.420545843824016
Austria,AUT,2019,11.202156990304271
Azerbaijan,AZE,2015,4.436538839359101
Azerbaijan,AZE,2016,4.332896802410021
Azerbaijan,AZE,2017,4.202942846986658
Azerbaijan,AZE,2018,4.107187878409732
Azerbaijan,AZE,2019,4.071032014236347
Bahamas,BHS,2015,3.1193034188201745
Bahamas,BHS,2016,3.156458365046876
Bahamas,BHS,2017,3.1618598384902312
Bahamas,BHS,2019,3.1722992298635755
Bahrain,BHR,2015,4.436463463339525
Bahrain,BHR,2016,4.272502953999336
Bahrain,BHR,2017,4.268414685814541
Bahrain,BHR,2018,4.249785573974734
Bahrain,BHR,2019,4.227149675562664
Bangladesh,BGD,2015,6.427481479852913
Bangladesh,BGD,2016,6.427481479852913
Bangladesh,BGD,2017,6.217116213282447
Bangladesh,BGD,2018,6.040776809287505
Bangladesh,BGD,2019,6.032121179318565
Barbados,BRB,2015,3.9530202329366535
Barbados,BRB,2016,3.9351246306471106
Barbados,BRB,2017,3.9529142666765296
Barbados,BRB,2018,3.9580510064224965
Barbados,BRB,2019,3.9742716215229006
Belarus,BLR,2015,22.566442140920426
Belarus,BLR,2016,21.095539973217694
Belarus,BLR,2017,19.585320299204454
Belarus,BLR,2018,18.854178878344445
Belarus,BLR,2019,19.03487290650899
Belgium,BEL,2015,15.629296788064764
Belgium,BEL,2016,15.070784242938355
Belgium,BEL,2017,14.909187057337197
Belgium,BEL,2018,14.422614984832611
Belgium,BEL,2019,14.275318768978694
Belize,BLZ,2015,7.484311897309873
Belize,BLZ,2016,7.4246516787673436
Belize,BLZ,2017,7.526193195147982
Belize,BLZ,2018,7.784886233484072
Belize,BLZ,2019,7.832833879731758
Benin,BEN,2015,11.666196617177974
Benin,BEN,2016,11.53343465841881
Benin,BEN,2017,11.383383065052708
Benin,BEN,2018,11.234851155325906
Benin,BEN,2019,11.137863321642245
Bermuda,BMU,2015,3.58295293070081
Bermuda,BMU,2016,3.5059364803554156
Bermuda,BMU,2017,3.4674612086155463
Bermuda,BMU,2019,3.4284433373722014
Bhutan,BTN,2015,5.944346872329549
Bhutan,BTN,2016,5.892241137710404
Bhutan,BTN,2017,5.837235718148275
Bhutan,BTN,2018,5.784970547800259
Bhutan,BTN,2019,5.7177993656393475
Bolivia,BOL,2015,6.640963112404266
Bolivia,BOL,2016,6.544666330315894
Bolivia,BOL,2017,6.4903743617884455
Bolivia,BOL,2018,6.445286497463929
Bolivia,BOL,2019,6.410848412431798
Bosnia and Herzegovina,BIH,2015,6.632646979224703
Bosnia and Herzegovina,BIH,2016,7.00726837805586
Bosnia and Herzegovina,BIH,2017,7.002741071424037
Bosnia and Herzegovina,BIH,2018,6.933259918807785
Bosnia and Herzegovina,BIH,2019,6.847151392935528
Botswana,BWA,2015,10.48915983975525
Botswana,BWA,2016,10.423718571549191
Botswana,BWA,2017,10.326023308021849
Botswana,BWA,2018,10.120453310880238
Botswana,BWA,2019,10.007560640926409
Brazil,BRA,2015,6.033516729547021
Brazil,BRA,2016,5.996477591754446
Brazil,BRA,2017,5.9798261606418714
Brazil,BRA,2018,6.0700501938100775
Brazil,BRA,2019,6.089304369940514
Brunei,BRN,2015,6.049181635918098
Brunei,BRN,2016,6.0915695994546
Brunei,BRN,2017,6.09852828763138
Brunei,BRN,2018,6.123049516585154
Brunei,BRN,2019,6.2249635350928845
Bulgaria,BGR,2015,8.961946892767717
Bulgaria,BGR,2016,9.271611188938131
Bulgaria,BGR,2017,9.24062290038697
Bulgaria,BGR,2018,9.373283872294191
Bulgaria,BGR,2019,9.480819739050064
Burkina Faso,BFA,2015,13.147625133341691
Burkina Faso,BFA,2016,13.227144609102666
Burkina Faso,BFA,2017,13.26031207015843
Burkina Faso,BFA,2018,13.29497398851134
Burkina Faso,BFA,2019,13.211110451826679
Burundi,BDI,2015,13.094205376440238
Burundi,BDI,2016,12.925318531848665
Burundi,BDI,2017,12.815605952466505
Burundi,BDI,2018,12.673712227365607
Burundi,BDI,2019,12.617335731511531
Cambodia,KHM,2015,4.682565064996354
Cambodia,KHM,2016,4.649401144221036
Cambodia,KHM,2017,4.620922372038541
Cambodia,KHM,2018,4.590873787051586
Cambodia,KHM,2019,4.54430265351793
Cameroon,CMR,2015,14.88178806464255
Cameroon,CMR,2016,14.699431821360383
Cameroon,CMR,2017,14.441415008188637
Cameroon,CMR,2018,14.262693659874005
Cameroon,CMR,2019,14.029937549465512
Canada,CAN,2015,11.167734121938139
Canada,CAN,2016,11.167734121938139
Canada,CAN,2017,11.316168461035485
Canada,CAN,2018,11.065493408182176
Canada,CAN,2019,10.905194829915548
Cape Verde,CPV,2015,17.14589476175809
Cape Verde,CPV,2016,17.03131767977602
Cape Verde,CPV,2017,16.905312534799517
Cape Verde,CPV,2018,16.810545127698113
Cape Verde,CPV,2019,16.76617486159914
Caribbean,,2015,9.328629105226636
Caribbean,,2016,9.305709367091064
Caribbean,,2017,9.43798451601583
Caribbean,,2018,9.507754431833915
Caribbean,,2019,9.487861269840227
Central African Republic,CAF,2015,17.359532528704193
Central African Republic,CAF,2016,17.252182465702692
Central African Republic,CAF,2017,17.17502715714074
Central African Republic,CAF,2018,17.0538984328589
Central African Republic,CAF,2019,16.926897366659137
Central Asia,,2015,12.371890510036454
Central Asia,,2016,11.999089564392786
Central Asia,,2017,11.619002559615769
Central Asia,,2018,11.527527754358823
Central Asia,,2019,11.479390463708313
Central Europe,,2015,12.533692867840996
Central Europe,,2016,12.172755292271237
Central Europe,,2018,11.81816001744155
Central Europe,,2019,11.650324088131196
"Central Europe, Eastern Europe, and Central Asia",,2015,19.380956447405023
"Central Europe, Eastern Europe, and Central Asia",,2016,19.235672526647974
"Central Europe, Eastern Europe, and Central Asia",,2017,19.50211574285105
"Central Europe, Eastern Europe, and Central Asia",,2018,18.811922311060663
"Central Europe, Eastern Europe, and Central Asia",,2019,18.361786658411674
Central Latin America,,2015,6.0714374697583375
Central Latin America,,2016,6.0714374697583375
Central Latin America,,2017,6.083487547363886
Central Latin America,,2018,6.194532450384959
Central Latin America,,2019,6.225884432990051
Central Sub-Saharan Africa,,2015,12.15323929634686
Central Sub-Saharan Africa,,2016,12.065649517836796
Central Sub-Saharan Africa,,2017,12.031827027464281
Central Sub-Saharan Africa,,2018,11.981466496827725
Central Sub-Saharan Africa,,2019,11.990583171247467
Chad,TCD,2015,11.35690947686278
Chad,TCD,2016,11.242520355947295
Chad,TCD,2017,11.12817763710455
Chad,TCD,2018,11.05716501357167
Chad,TCD,2019,11.023555933449682
Chile,CHL,2015,10.236230588119787
Chile,CHL,2016,10.105458150138674
Chile,CHL,2017,10.10631238046463
Chile,CHL,2018,10.147604371033426
Chile,CHL,2019,10.138964176247889
China,CHN,2015,7.636712475439903
China,CHN,2016,7.540028585797194
China,CHN,2017,7.420151367647718
China,CHN,2018,7.255174144116428
China,CHN,2019,7.2061700183464295
Colombia,COL,2015,5.324915143862357
Colombia,COL,2016,5.455652666091838
Colombia,COL,2017,5.4791300652068
Colombia,COL,2018,5.540307678380669
Colombia,COL,2019,5.525540638581571
Comoros,COM,2015,8.38735215330049
Comoros,COM,2016,8.366746008785565
Comoros,COM,2017,8.349143563614534
Comoros,COM,2018,8.343457119034838
Comoros,COM,2019,8.317069457158418
Congo,COG,2015,13.954205302042421
Congo,COG,2016,13.970434165314272
Congo,COG,2017,13.971576131046884
Congo,COG,2018,13.932943359152496
Congo,COG,2019,14.037733794355322
Costa Rica,CRI,2015,7.112510287212628
Costa Rica,CRI,2016,6.984768700447537
Costa Rica,CRI,2017,7.4291349764901975
Costa Rica,CRI,2018,7.785396682191582
Costa Rica,CRI,2019,7.803471526986828
Cote d'Ivoire,CIV,2015,14.562409502839374
Cote d'Ivoire,CIV,2016,14.467963218316255
Cote d'Ivoire,CIV,2017,14.28521142581299
Cote d'Ivoire,CIV,2019,13.859903239805067
Croatia,HRV,2015,11.845546451590772
Croatia,HRV,2016,11.851634481926222
Croatia,HRV,2017,12.080679498885539
Croatia,HRV,2018,11.303063297778886
Croatia,HRV,2019,11.059530617987996
Cuba,CUB,2015,10.907657276789989
Cuba,CUB,2016,10.776358792014246
Cuba,CUB,2017,11.065374227494894
Cuba,CUB,2018,11.215046934321435
Cuba,CUB,2019,11.288785495689469
Cyprus,CYP,2015,4.707553632690647
Cyprus,CYP,2016,4.722949630781502
Cyprus,CYP,2017,4.699221642196221
Cyprus,CYP,2018,4.638157858151797
Cyprus,CYP,2019,4.630150260439427
Czech Republic,CZE,2015,12.0831073413121
Czech Republic,CZE,2016,11.46695524907587
Czech Republic,CZE,2017,11.184923365861938
Czech Republic,CZE,2018,10.91706347719219
Czech Republic,CZE,2019,10.766627563401785
Democratic Republic of Congo,COD,2015,11.557043957675392
Democratic Republic of Congo,COD,2016,11.559467550335972
Democratic Republic of Congo,COD,2017,11.564054771513756
Democratic Republic of Congo,COD,2018,11.557615510154077
Democratic Republic of Congo,COD,2019,11.579851574922746
Denmark,DNK,2015,8.866468897506401
Denmark,DNK,2016,8.666310123652826
Denmark,DNK,2017,8.45216673782384
Denmark,DNK,2018,8.66188617882549
Denmark,DNK,2019,8.800279746370906
Djibouti,DJI,2015,8.549445006363097
Djibouti,DJI,2016,8.53365597529373
Djibouti,DJI,2017,8.49538630516118
Djibouti,DJI,2018,8.481605248081953
Djibouti,DJI,2019,8.443490103355245
Dominica,DMA,2015,4.536039002985287
Dominica,DMA,2016,4.45739082238809
Dominica,DMA,2017,4.498686876822146
Dominica,DMA,2018,4.5284868120894375
Dominica,DMA,2019,4.536684168943924
Dominican Republic,DOM,2015,8.207141847345584
Dominican Republic,DOM,2016,8.557690095438913
Dominican Republic,DOM,2017,8.866549913685178
Dominican Republic,DOM,2018,9.028557391221863
Dominican Republic,DOM,2019,8.924038859012537
East Asia,,2015,7.796465742383403
East Asia,,2016,7.703066559041312
East Asia,,2017,7.58142716378245
East Asia,,2018,7.426910257759345
East Asia,,2019,7.381561509872871
Eastern Europe,,2015,25.462549272687312
Eastern Europe,,2016,25.59593521388615
Eastern Europe,,2017,26.339918360252327
Eastern Europe,,2018,25.32089599575192
Eastern Europe,,2019,24.604990976421863
Eastern Sub-Saharan Africa,,2015,11.510842940638032
Eastern Sub-Saharan Africa,,2016,11.365821499795407
Eastern Sub-Saharan Africa,,2017,11.236600691914987
Eastern Sub-Saharan Africa,,2018,11.125259269927767
Eastern Sub-Saharan Africa,,2019,11.047242623083328
Ecuador,ECU,2015,9.780455915217853
Ecuador,ECU,2017,9.445860858285416
Ecuador,ECU,2018,9.268925283427322
Ecuador,ECU,2019,9.213644563160223
Egypt,EGY,2015,5.29573630665503
Egypt,EGY,2016,5.256165862283928
Egypt,EGY,2017,5.372965453665899
Egypt,EGY,2018,5.436074106758684
Egypt,EGY,2019,5.469768774698299
El Salvador,SLV,2015,9.124582883712195
El Salvador,SLV,2016,9.90873942300688
El Salvador,SLV,2017,10.064450639958176
El Salvador,SLV,2018,9.935906242976047
El Salvador,SLV,2019,9.803162539129179
England,,2015,6.715148778224981
England,,2016,6.765168531065177
England,,2017,6.842247038190361
England,,2018,6.889021635466345
England,,2019,6.869323698456701
Equatorial Guinea,GNQ,2015,8.948493813169549
Equatorial Guinea,GNQ,2016,9.126318759447502
Equatorial Guinea,GNQ,2017,9.174147351276522
Equatorial Guinea,GNQ,2018,9.287464917897966
Equatorial Guinea,GNQ,2019,9.334451062806192
Eritrea,ERI,2015,16.677998529868308
Eritrea,ERI,2016,16.415557936148264
Eritrea,ERI,2017,16.262362842759096
Eritrea,ERI,2018,15.995558997529663
Eritrea,ERI,2019,15.711513903900123
Estonia,EST,2015,13.815965046287113
Estonia,EST,2016,13.93177587392578
Estonia,EST,2017,13.071507512750646
Estonia,EST,2018,12.873703402359467
Estonia,EST,2019,12.873703402359467
Ethiopia,ETH,2015,10.312953461499664
Ethiopia,ETH,2017,9.865224900278102
Ethiopia,ETH,2018,9.70297927346803
Ethiopia,ETH,2019,9.633952734270848
Fiji,FJI,2015,10.071202634826664
Fiji,FJI,2016,10.010179150621266
Fiji,FJI,2017,9.954958202866761
Fiji,FJI,2018,9.891468962938461
Fiji,FJI,2019,9.829020587625541
Finland,FIN,2015,14.223037111055195
Finland,FIN,2016,13.356331357186445
Finland,FIN,2017,12.621371009688614
Finland,FIN,2018,12.72129306434869
Finland,FIN,2019,12.944946735431664
France,FRA,2015,13.777085559134072
France,FRA,2016,13.190758636404716
France,FRA,2017,12.985378781086636
France,FRA,2018,12.52282906908978
France,FRA,2019,12.400297974964525
Gabon,GAB,2015,12.738389523754979
Gabon,GAB,2016,12.713122323857988
Gabon,GAB,2018,12.618360912161355
Gabon,GAB,2019,12.526815347449274
Gambia,GMB,2015,9.72340850299264
Gambia,GMB,2016,9.745000955181055
Gambia,GMB,2017,9.753405293044686
Gambia,GMB,2018,9.743733671158292
Gambia,GMB,2019,9.706736076929985
Georgia,GEO,2015,6.722582816213763
Georgia,GEO,2016,7.176614076235914
Georgia,GEO,2017,7.465389521643497
Georgia,GEO,2018,7.4666522833140325
Georgia,GEO,2019,7.4937221822071445
Germany,DEU,2015,9.662333896786608
Germany,DEU,2016,9.415548571741384
Germany,DEU,2017,9.692091233358722
Germany,DEU,2018,9.903972521970925
Germany,DEU,2019,9.91741703136175
Ghana,GHA,2015,9.930592289586176
Ghana,GHA,2016,9.873223334137961
Ghana,GHA,2017,9.847412152547655
Ghana,GHA,2018,9.84204222501975
Ghana,GHA,2019,9.70239673308908
Greece,GRC,2015,3.5669421927283045
Greece,GRC,2016,3.6157358229254006
Greece,GRC,2017,3.66306904733662
Greece,GRC,2018,3.5480491728931876
Greece,GRC,2019,3.506254231338802
Greenland,GRL,2015,59.43176918448727
Greenland,GRL,2016,58.435690894575856
Greenland,GRL,2017,52.73603900834272
Greenland,GRL,2018,51.609948517533645
Greenland,GRL,2019,51.06323868450059
Grenada,GRD,2015,4.803901403842898
Grenada,GRD,2016,4.798780875892155
Grenada,GRD,2017,4.80890601209193
Grenada,GRD,2018,4.782517421069426
Grenada,GRD,2019,4.849891850503203
Guam,GUM,2015,19.97503025157079
Guam,GUM,2016,20.280002243760944
Guam,GUM,2017,20.742772698699703
Guam,GUM,2018,20.672037498190026
Guam,GUM,2019,20.5704477737224
Guatemala,GTM,2015,5.374575727370504
Guatemala,GTM,2016,5.292477806123794
Guatemala,GTM,2017,5.260248194789844
Guatemala,GTM,2018,5.69529419031094
Guatemala,GTM,2019,5.9167024030513895
Guinea,GIN,2015,11.221500312628068
Guinea,GIN,2016,11.333418753195785
Guinea,GIN,2017,11.302760426758226
Guinea,GIN,2018,11.211441280667994
Guinea,GIN,2019,11.123099553521346
Guinea-Bissau,GNB,2015,14.029120206015635
Guinea-Bissau,GNB,2017,13.878437335328584
Guinea-Bissau,GNB,2018,13.760973021237284
Guinea-Bissau,GNB,2019,13.5947448880321
Guyana,GUY,2015,29.252883397622107
Guyana,GUY,2016,28.170908618847143
Guyana,GUY,2017,27.317855631528897
Guyana,GUY,2018,26.637918225131124
Guyana,GUY,2019,26.072110343316254
Haiti,HTI,2015,8.821070652182014
Haiti,HTI,2016,8.755730543016837
Haiti,HTI,2017,8.673928059207386
Haiti,HTI,2018,8.618418872371977
Haiti,HTI,2019,8.553154752709217
High SDI,,2015,11.69809420543159
High SDI,,2016,11.522724215093737
High SDI,,2017,11.48561693794818
High SDI,,2018,11.440835713853607
High SDI,,2019,11.382407825782117
High-income,,2015,11.893486595096428
High-income,,2016,11.739676807556874
High-income,,2017,11.70472258567729
High-income,,2018,11.682566368384192
High-income,,2019,11.63370821551653
High-income Asia Pacific,,2015,18.180503873704865
High-income Asia Pacific,,2016,17.55842122720879
High-income Asia Pacific,,2017,16.82827822019467
High-income Asia Pacific,,2018,16.47003679940893
High-income Asia Pacific,,2019,16.36707761689718
High-middle SDI,,2015,9.537238614283906
High-middle SDI,,2016,9.44409053560301
High-middle SDI,,2017,9.433680314239483
High-middle SDI,,2018,9.165259441521187
High-middle SDI,,2019,8.98494879348235
Honduras,HND,2015,4.435247584698613
Honduras,HND,2016,4.467264978113591
Honduras,HND,2017,4.449066062522971
Honduras,HND,2018,4.429900573363147
Honduras,HND,2019,4.397348634402901
Hungary,HUN,2015,15.87767821084032
Hungary,HUN,2016,15.446339880942777
Hungary,HUN,2017,16.21149289148892
Hungary,HUN,2018,14.697794030125102
Hungary,HUN,2019,14.281731030528798
Iceland,ISL,2015,9.81097032765342
Iceland,ISL,2016,9.901937786372272
Iceland,ISL,2017,9.836354815970278
Iceland,ISL,2018,9.838218068579543
Iceland,ISL,2019,9.608335242813075
India,IND,2015,16.56142616887109
India,IND,2016,16.287277363620753
India,IND,2017,15.705220514811838
India,IND,2018,15.738275673789055
India,IND,2019,15.597844385704574
Indonesia,IDN,2015,3.261365629804402
Indonesia,IDN,2016,3.2034096905855645
Indonesia,IDN,2017,3.1681053080261043
Indonesia,IDN,2018,3.1506025895739525
Indonesia,IDN,2019,3.124459497191868
Iran,IRN,2015,5.919657605534972
Iran,IRN,2016,5.735812141263248
Iran,IRN,2017,5.634616586973271
Iran,IRN,2018,5.546188087443268
Iran,IRN,2019,5.447743671609715
Iraq,IRQ,2015,5.002731951051428
Iraq,IRQ,2016,4.714528818244964
Iraq,IRQ,2017,4.354526363382687
Iraq,IRQ,2018,4.155932559015785
Iraq,IRQ,2019,4.094957681787666
Ireland,IRL,2015,9.7765397331312
Ireland,IRL,2016,9.369767999513275
Ireland,IRL,2017,8.75376728096181
Ireland,IRL,2018,8.352954987457531
Ireland,IRL,2019,8.374148078138807
Israel,ISR,2015,6.116024983496778
Israel,ISR,2016,5.927504515040311
Israel,ISR,2017,5.90766741882896
Israel,ISR,2018,5.77592389981427
Israel,ISR,2019,5.733338007311299
Italy,ITA,2015,5.395752172376107
Italy,ITA,2016,5.196653997321851
Italy,ITA,2017,5.14460168245325
Italy,ITA,2018,4.850424784287788
Italy,ITA,2019,4.7595847764746075
Jamaica,JAM,2015,3.5174098270930902
Jamaica,JAM,2016,3.6365276297754208
Jamaica,JAM,2017,3.746031432167423
Jamaica,JAM,2018,3.6395408448358406
Jamaica,JAM,2019,3.6065158776682624
Japan,JPN,2015,16.817110580550253
Japan,JPN,2016,16.345728353575982
Japan,JPN,2017,15.69282297584044
Japan,JPN,2018,15.632275249147037
Japan,JPN,2019,15.647951071872459
Jordan,JOR,2015,3.3017789226669723
Jordan,JOR,2016,3.2769781976563475
Jordan,JOR,2017,3.249163629867035
Jordan,JOR,2018,3.2344234607392353
Jordan,JOR,2019,3.2188202172400286
Kazakhstan,KAZ,2015,25.854641553526985
Kazakhstan,KAZ,2016,23.91206751948922
Kazakhstan,KAZ,2017,22.866069560691006
Kazakhstan,KAZ,2018,22.76949662676192
Kazakhstan,KAZ,2019,22.985528020486584
Kenya,KEN,2015,11.675653996152327
Kenya,KEN,2016,11.453160100441833
Kenya,KEN,2017,11.305471805694683
Kenya,KEN,2018,11.184135033273709
Kenya,KEN,2019,11.057589777622828
Kiribati,KIR,2015,27.046287416559366
Kiribati,KIR,2016,26.911192078331066
Kiribati,KIR,2017,26.765102460213782
Kiribati,KIR,2018,26.613802680635974
Kiribati,KIR,2019,26.613802680635974
Kuwait,KWT,2015,2.6531160987778333
Kuwait,KWT,2016,2.531229913257487
Kuwait,KWT,2017,2.485094847327885
Kuwait,KWT,2018,2.48995945665456
Kuwait,KWT,2019,2.4925735553558543
Kyrgyzstan,KGZ,2015,11.840903522820978
Kyrgyzstan,KGZ,2016,11.41977836776131
Kyrgyzstan,KGZ,2017,10.768551124089058
Kyrgyzstan,KGZ,2018,10.166312932454787
Kyrgyzstan,KGZ,2019,10.015379589214138
Laos,LAO,2015,9.026749169472161
Laos,LAO,2016,8.874724356370129
Laos,LAO,2017,8.731001183766608
Laos,LAO,2018,8.585078416333436
Laos,LAO,2019,8.420251403435536
Latin America and Caribbean,,2015,6.330623458280542
Latin America and Caribbean,,2016,6.312786033000882
Latin America and Caribbean,,2017,6.310335556936236
Latin America and Caribbean,,2018,6.389895712627396
Latin America and Caribbean,,2019,6.40504645052981
Latvia,LVA,2015,17.642728684884624
Latvia,LVA,2016,17.624752673337206
Latvia,LVA,2017,17.164113815889507
Latvia,LVA,2018,16.940084567505068
Latvia,LVA,2019,16.98867373868409
Lebanon,LBN,2015,4.849518836776716
Lebanon,LBN,2016,4.845117364838872
Lebanon,LBN,2017,4.813600675163351
Lebanon,LBN,2018,4.791321684407069
Lebanon,LBN,2019,4.778861022371759
Lesotho,LSO,2015,34.71517151216956
Lesotho,LSO,2016,34.59657984194625
Lesotho,LSO,2017,34.276526444813555
Lesotho,LSO,2018,33.098829053622175
Lesotho,LSO,2019,31.715217517798784
Liberia,LBR,2015,13.597533894600414
Liberia,LBR,2016,13.414399354263841
Liberia,LBR,2017,13.343928368644333
Liberia,LBR,2018,13.288026287401093
Liberia,LBR,2019,13.212053372054624
Libya,LBY,2015,8.230934729777388
Libya,LBY,2016,8.27148051615282
Libya,LBY,2017,8.347896316989363
Libya,LBY,2018,8.059499934822627
Libya,LBY,2019,8.072802092981547
Lithuania,LTU,2015,31.89975620216672
Lithuania,LTU,2016,30.41018869606126
Lithuania,LTU,2017,29.417318914783966
Lithuania,LTU,2018,28.176799503912125
Lithuania,LTU,2019,27.990584421836946
Low SDI,,2015,10.705069004730095
Low SDI,,2016,10.637459611055224
Low SDI,,2017,10.515006561825713
Low SDI,,2018,10.54289685149519
Low SDI,,2019,10.508662981508012
Low-middle SDI,,2015,12.203010971804565
Low-middle SDI,,2016,12.203010971804565
Low-middle SDI,,2017,11.81926466809434
Low-middle SDI,,2018,11.699990950992765
Low-middle SDI,,2019,11.551682446792015
Luxembourg,LUX,2015,8.834839519503106
Luxembourg,LUX,2016,8.900848794005274
Luxembourg,LUX,2017,8.942273059654216
Luxembourg,LUX,2018,8.782066076125572
Luxembourg,LUX,2019,8.704992603937981
Macedonia,MKD,2015,6.402509389000739
Macedonia,MKD,2016,6.414836225492279
Macedonia,MKD,2017,6.703023415013447
Macedonia,MKD,2018,6.86003638414002
Macedonia,MKD,2019,6.779789281414692
Madagascar,MDG,2015,11.25464861016722
Madagascar,MDG,2016,11.188112330202943
Madagascar,MDG,2017,11.141644625508533
Madagascar,MDG,2018,11.067699116722084
Madagascar,MDG,2019,10.985621278568257
Malawi,MWI,2015,12.58748633396284
Malawi,MWI,2016,12.41448404094703
Malawi,MWI,2017,12.341347407558812
Malawi,MWI,2018,12.283757018197733
Malawi,MWI,2019,12.11902436349996
Malaysia,MYS,2015,7.216220530242574
Malaysia,MYS,2016,7.491782115087372
Malaysia,MYS,2017,7.652473206198222
Malaysia,MYS,2018,7.7261871216406846
Malaysia,MYS,2019,7.845130367254699
Maldives,MDV,2015,3.390738470331691
Maldives,MDV,2016,3.3589539993112747
Maldives,MDV,2017,3.342473434720542
Maldives,MDV,2018,3.342882941784587
Maldives,MDV,2019,3.346122600342575
Mali,MLI,2015,6.695721083391028
Mali,MLI,2016,6.716615891134191
Mali,MLI,2017,6.762649418416606
Mali,MLI,2018,6.835399671871535
Mali,MLI,2019,6.811872286280496
Malta,MLT,2015,4.381708428975169
Malta,MLT,2016,4.330532996960689
Malta,MLT,2017,4.361657957635819
Malta,MLT,2018,4.496287419494689
Malta,MLT,2019,4.527032179629972
Marshall Islands,MHL,2015,23.431015604659912
Marshall Islands,MHL,2016,23.176534664311127
Marshall Islands,MHL,2017,22.967217344165636
Marshall Islands,MHL,2018,22.705823640620366
Marshall Islands,MHL,2019,22.46109451493578
Mauritania,MRT,2015,6.666951435169469
Mauritania,MRT,2016,6.65361427577056
Mauritania,MRT,2017,6.641016516468257
Mauritania,MRT,2018,6.648703610938102
Mauritania,MRT,2019,6.635567298635921
Mauritius,MUS,2015,8.321352193697047
Mauritius,MUS,2017,8.739195178774098
Mauritius,MUS,2018,8.368013339781747
Mauritius,MUS,2019,8.3105172479038
Mexico,MEX,2015,5.721664118240852
Mexico,MEX,2016,5.72982090773714
Mexico,MEX,2017,5.740482530003552
Mexico,MEX,2018,5.883073831203349
Mexico,MEX,2019,5.922387652125461
Micronesia (country),FSM,2015,17.218165993596763
Micronesia (country),FSM,2016,17.19657790529619
Micronesia (country),FSM,2017,17.161204332907623
Micronesia (country),FSM,2018,17.10205512135607
Micronesia (country),FSM,2019,17.04516146222962
Middle SDI,,2015,8.949559027999333
Middle SDI,,2016,8.853991714432786
Middle SDI,,2017,8.747194566778989
Middle SDI,,2018,8.723323237212421
Middle SDI,,2019,8.686073556727662
Moldova,MDA,2015,14.154182480651697
Moldova,MDA,2016,14.519337955904062
Moldova,MDA,2017,14.592634101982744
Moldova,MDA,2018,14.051300863444347
Moldova,MDA,2019,13.636749144622055
Mongolia,MNG,2015,16.36203235629088
Mongolia,MNG,2016,15.891979670864552
Mongolia,MNG,2018,15.510453702819643
Mongolia,MNG,2019,15.358143338523066
Montenegro,MNE,2015,9.950651607797747
Montenegro,MNE,2016,9.845994101697936
Montenegro,MNE,2017,9.647781145322089
Montenegro,MNE,2018,9.442425285073307
Montenegro,MNE,2019,9.382655421517276
Morocco,MAR,2015,7.738088868646481
Morocco,MAR,2016,7.567383036749185
Morocco,MAR,2017,7.3933162722857295
Morocco,MAR,2018,7.22880899092129
Morocco,MAR,2019,7.146971670375949
Mozambique,MOZ,2015,17.817887296507138
Mozambique,MOZ,2016,17.72994664811591
Mozambique,MOZ,2017,17.637808243953867
Mozambique,MOZ,2018,17.46915357442761
Mozambique,MOZ,2019,17.20414341361338
Myanmar,MMR,2015,5.383973840271592
Myanmar,MMR,2016,5.268501003996611
Myanmar,MMR,2017,5.193116607448546
Myanmar,MMR,2018,5.123096638391061
Myanmar,MMR,2019,5.042599563544377
Namibia,NAM,2015,12.377852799417438
Namibia,NAM,2016,12.131466600889713
Namibia,NAM,2017,11.96998275878325
Namibia,NAM,2018,11.872017688484561
Namibia,NAM,2019,11.812525918607895
Nepal,NPL,2015,8.667661709707204
Nepal,NPL,2016,8.597368246335126
Nepal,NPL,2017,8.561772368703457
Nepal,NPL,2018,8.451682589876771
Nepal,NPL,2019,8.37000491059708
Netherlands,NLD,2015,9.241445476004635
Netherlands,NLD,2016,9.084085072832242
Netherlands,NLD,2018,9.306815789319012
Netherlands,NLD,2019,9.16910618721181
New Zealand,NZL,2015,11.094573016310024
New Zealand,NZL,2016,10.912077194798094
New Zealand,NZL,2017,10.926653135338748
New Zealand,NZL,2019,11.29634235969604
Nicaragua,NIC,2015,6.750635398517934
Nicaragua,NIC,2016,6.748452957626697
Nicaragua,NIC,2017,6.223639531528819
Nicaragua,NIC,2018,5.962931352513096
Nicaragua,NIC,2019,5.862555355523392
Niger,NER,2015,7.553508275666208
Niger,NER,2016,7.601178206072201
Niger,NER,2017,7.617555965735363
Niger,NER,2018,7.645102872945176
Niger,NER,2019,7.634457206293557
Nigeria,NGA,2015,7.531538836144733
Nigeria,NGA,2016,7.5395595751969955
Nigeria,NGA,2017,7.521572103034707
Nigeria,NGA,2018,7.549027062804848
Nigeria,NGA,2019,7.5399600240487645
North Africa and Middle East,,2015,4.915314180148955
North Africa and Middle East,,2016,4.8523563753861065
North Africa and Middle East,,2017,4.80667913826099
North Africa and Middle East,,2018,4.756370500074364
North Africa and Middle East,,2019,4.718815289629988
North America,,2015,11.917015347809187
North America,,2016,12.089906478478191
North America,,2017,12.384749314257778
North America,,2018,12.662208108624728
North America,,2019,12.640469105442808
North Korea,PRK,2015,11.320157036401763
North Korea,PRK,2017,11.178819828056541
North Korea,PRK,2018,11.112408741809022
North Korea,PRK,2019,11.066692487108709
Northern Ireland,,2015,10.009657655195339
Northern Ireland,,2016,9.726898339311038
Northern Ireland,,2017,10.089502982341754
Northern Ireland,,2018,9.782970773197635
Northern Ireland,,2019,9.546819365175795
Northern Mariana Islands,MNP,2015,11.795160316501887
Northern Mariana Islands,MNP,2016,11.885069229182877
Northern Mariana Islands,MNP,2017,12.09377631868196
Northern Mariana Islands,MNP,2018,12.112443732211817
Northern Mariana Islands,MNP,2019,12.157768656276062
Norway,NOR,2015,10.106149975342497
Norway,NOR,2016,9.65440833381855
Norway,NOR,2017,9.332552789078864
Norway,NOR,2018,9.201910752060595
Norway,NOR,2019,9.268806467896846
Oceania,,2015,21.586533122287616
Oceania,,2016,21.439859167070683
Oceania,,2017,21.32506484763794
Oceania,,2018,21.172816473610563
Oceania,,2019,21.064787135287688
Oman,OMN,2015,3.197204365524395
Oman,OMN,2016,3.119390458659532
Oman,OMN,2017,3.0567098946751807
Oman,OMN,2018,2.935338598725065
Oman,OMN,2019,2.917163716090305
Pakistan,PAK,2015,4.655147941729145
Pakistan,PAK,2016,4.640484571478347
Pakistan,PAK,2017,4.564877887259427
Pakistan,PAK,2018,4.510080278396742
Pakistan,PAK,2019,4.447947652922391
Palestine,PSE,2015,3.9074941351758925
Palestine,PSE,2017,3.643844284866948
Palestine,PSE,2018,3.5916067184408575
Palestine,PSE,2019,3.5469099445211074
Panama,PAN,2015,5.260817678524545
Panama,PAN,2016,5.257997016873548
Panama,PAN,2017,4.983266554545248
Panama,PAN,2018,4.89411248399306
Panama,PAN,2019,4.979081168886942
Papua New Guinea,PNG,2015,23.93192150323485
Papua New Guinea,PNG,2016,23.68659568730015
Papua New Guinea,PNG,2017,23.47961587876248
Papua New Guinea,PNG,2018,23.245855763669834
Papua New Guinea,PNG,2019,23.074352704807264
Paraguay,PRY,2015,5.97808568932903
Paraguay,PRY,2016,5.921447453462784
Paraguay,PRY,2017,5.799205748924328
Paraguay,PRY,2018,5.789450536833666
Paraguay,PRY,2019,5.7529849647250995
Peru,PER,2015,3.415694125278854
Peru,PER,2016,3.246843152368715
Peru,PER,2017,3.1604452967481245
Peru,PER,2018,3.147127083368219
Peru,PER,2019,3.138703281316917
Philippines,PHL,2015,5.786950420537301
Philippines,PHL,2016,5.873445493044378
Philippines,PHL,2017,6.079462706301738
Philippines,PHL,2018,6.0516707502234
Philippines,PHL,2019,6.007670191059902
Poland,POL,2015,15.299817136522764
Poland,POL,2016,14.547071471933274
Poland,POL,2017,14.514068217902034
Poland,POL,2018,14.216528336508151
Poland,POL,2019,13.948140014687636
Portugal,PRT,2015,8.666408372337699
Portugal,PRT,2016,8.527018943014776
Portugal,PRT,2017,7.778090208764363
Portugal,PRT,2018,7.642019230348736
Portugal,PRT,2019,7.687679698001806
Puerto Rico,PRI,2015,6.124004039767738
Puerto Rico,PRI,2016,5.737501873594708
Puerto Rico,PRI,2017,5.620765509455998
Puerto Rico,PRI,2018,5.9196677687371455
Puerto Rico,PRI,2019,6.08936805794067
Qatar,QAT,2015,4.940790125432733
Qatar,QAT,2016,4.885682496463151
Qatar,QAT,2017,4.6294419124765405
Qatar,QAT,2018,4.624131616334418
Qatar,QAT,2019,4.639950728913983
Romania,ROU,2015,9.65466186703382
Romania,ROU,2016,9.539639445532288
Romania,ROU,2017,9.279052392360523
Romania,ROU,2018,9.095293361169253
Romania,ROU,2019,9.158621987449505
Russia,RUS,2015,27.756963532291714
Russia,RUS,2017,26.62448443135005
Russia,RUS,2018,25.391507602799944
Russia,RUS,2019,25.087668810495796
Rwanda,RWA,2015,11.505364902940398
Rwanda,RWA,2017,11.212478006260357
Rwanda,RWA,2018,11.031755283188971
Rwanda,RWA,2019,10.950839972151046
Saint Lucia,LCA,2015,6.410487751920897
Saint Lucia,LCA,2016,6.4341685284256895
Saint Lucia,LCA,2017,6.594850732102094
Saint Lucia,LCA,2018,6.818842524259477
Saint Lucia,LCA,2019,6.902542098739971
Saint Vincent and the Grenadines,VCT,2015,6.936875966114195
Saint Vincent and the Grenadines,VCT,2016,6.976670581883473
Saint Vincent and the Grenadines,VCT,2017,7.047845125934379
Saint Vincent and the Grenadines,VCT,2018,7.167859753939741
Saint Vincent and the Grenadines,VCT,2019,7.216664088509913
Samoa,WSM,2015,10.010589723545246
Samoa,WSM,2016,10.007794150633837
Samoa,WSM,2017,10.022598841328197
Samoa,WSM,2018,10.025527844085605
Samoa,WSM,2019,10.00174333893206
Sao Tome and Principe,STP,2015,3.588557949061975
Sao Tome and Principe,STP,2016,3.5884153208596095
Sao Tome and Principe,STP,2017,3.5821063588562723
Sao Tome and Principe,STP,2018,3.5544066152612364
Sao Tome and Principe,STP,2019,3.537547029081224
Saudi Arabia,SAU,2015,2.978905379979894
Saudi Arabia,SAU,2016,2.9923307079058836
Saudi Arabia,SAU,2017,2.9873432331618086
Saudi Arabia,SAU,2018,2.974638054622355
Saudi Arabia,SAU,2019,2.947895451415247
Scotland,,2015,10.430569012856965
Scotland,,2016,9.759744256201351
Scotland,,2017,10.112319314992499
Scotland,,2018,10.768370964796228
Scotland,,2019,10.878542984768096
Senegal,SEN,2015,12.880659744847271
Senegal,SEN,2016,12.946160330779241
Senegal,SEN,2017,12.992095232954307
Senegal,SEN,2018,13.018592183789972
Senegal,SEN,2019,12.91802400599126
Serbia,SRB,2015,13.508248769962343
Serbia,SRB,2016,13.390715234260538
Serbia,SRB,2017,13.494978350987754
Serbia,SRB,2018,12.902643478888358
Serbia,SRB,2019,12.674116166808085
Seychelles,SYC,2015,7.639746263726059
Seychelles,SYC,2016,7.744029788505325
Seychelles,SYC,2017,7.864338874379214
Seychelles,SYC,2018,7.982924196439322
Seychelles,SYC,2019,8.019825067211027
Sierra Leone,SLE,2015,10.139212566765636
Sierra Leone,SLE,2016,10.0580058780849
Sierra Leone,SLE,2017,10.00548692516119
Sierra Leone,SLE,2018,9.948689144961184
Sierra Leone,SLE,2019,9.881137938301016
Singapore,SGP,2015,8.123986285031329
Singapore,SGP,2016,7.844479423452946
Singapore,SGP,2017,7.639595851203839
Singapore,SGP,2018,7.4048780431562875
Singapore,SGP,2019,7.327117939889221
Slovakia,SVK,2015,10.363238656646633
Slovakia,SVK,2016,10.266457589991568
Slovakia,SVK,2017,10.396737279772765
Slovakia,SVK,2018,9.760763807157405
Slovakia,SVK,2019,9.474849650534646
Slovenia,SVN,2015,15.22968184179059
Slovenia,SVN,2016,13.97475795723282
Slovenia,SVN,2017,14.617220910231229
Slovenia,SVN,2018,14.441215653947516
Slovenia,SVN,2019,14.378708929290132
Solomon Islands,SLB,2015,16.83801270743607
Solomon Islands,SLB,2016,16.700117093295898
Solomon Islands,SLB,2017,16.595870529224474
Solomon Islands,SLB,2018,16.482599604581985
Solomon Islands,SLB,2019,16.39779786377294
Somalia,SOM,2015,10.115292163195495
Somalia,SOM,2016,10.115292163195495
Somalia,SOM,2017,10.057937971435157
Somalia,SOM,2018,10.010196864634374
Somalia,SOM,2019,9.941018501380334
South Africa,ZAF,2015,11.143087715863004
South Africa,ZAF,2016,10.796798370158568
South Africa,ZAF,2017,10.76018558440449
South Africa,ZAF,2018,10.923957931364848
South Africa,ZAF,2019,11.150289330896124
South Asia,,2015,14.330117875143994
South Asia,,2016,14.104289634516302
South Asia,,2017,13.618462508638274
South Asia,,2018,13.611226674241665
South Asia,,2019,13.479592126785047
South Korea,KOR,2015,24.838925382357093
South Korea,KOR,2016,23.518979062194667
South Korea,KOR,2017,22.389016049764123
South Korea,KOR,2018,21.2291370210096
South Korea,KOR,2019,20.80566027058975
South Sudan,SSD,2015,12.10766060013936
South Sudan,SSD,2016,12.02567632725363
South Sudan,SSD,2017,12.044061543895747
South Sudan,SSD,2018,12.032370222957631
South Sudan,SSD,2019,12.003684359489158
Southeast Asia,,2015,6.150044450360117
Southeast Asia,,2016,6.138443792202286
Southeast Asia,,2017,6.148006133770116
Southeast Asia,,2018,6.1525812504822985
Southeast Asia,,2019,6.129115254837102
"Southeast Asia, East Asia, and Oceania",,2015,7.585954705676441
"Southeast Asia, East Asia, and Oceania",,2017,7.445853425002896
"Southeast Asia, East Asia, and Oceania",,2018,7.33867423705256
"Southeast Asia, East Asia, and Oceania",,2019,7.297331845691799
Southern Latin America,,2015,11.22155248718322
Southern Latin America,,2016,11.000336840346476
Southern Latin America,,2017,10.842133749427175
Southern Latin America,,2018,10.881686582988047
Southern Latin America,,2019,10.854587411288403
Southern Sub-Saharan Africa,,2015,14.164661902543028
Southern Sub-Saharan Africa,,2016,13.77734563733123
Southern Sub-Saharan Africa,,2017,13.674226990375674
Southern Sub-Saharan Africa,,2018,13.710533548773705
Southern Sub-Saharan Africa,,2019,13.776652666036831
Spain,ESP,2015,5.801235553705144
Spain,ESP,2016,5.801235553705144
Spain,ESP,2017,5.85389317910554
Spain,ESP,2018,5.85389317910554
Spain,ESP,2019,5.5065007930741965
Sri Lanka,LKA,2015,20.116143070223615
Sri Lanka,LKA,2016,20.154737144482024
Sri Lanka,LKA,2017,20.027883472114418
Sri Lanka,LKA,2018,19.950527354490095
Sri Lanka,LKA,2019,19.800418756547835
Sub-Saharan Africa,,2015,10.970469758439808
Sub-Saharan Africa,,2016,10.856131487088499
Sub-Saharan Africa,,2017,10.773244189491871
Sub-Saharan Africa,,2018,10.718896615800169
Sub-Saharan Africa,,2019,10.66341242862551
Sudan,SDN,2015,5.19770102125575
Sudan,SDN,2016,5.1462450605386065
Sudan,SDN,2017,5.093174616990043
Sudan,SDN,2018,5.046375670981107
Sudan,SDN,2019,5.024815682157638
Suriname,SUR,2015,25.295512374403092
Suriname,SUR,2016,24.765431844228825
Suriname,SUR,2017,25.012746359883266
Suriname,SUR,2018,24.750021595946812
Suriname,SUR,2019,24.78307205151691
Swaziland,SWZ,2015,27.145653000046494
Swaziland,SWZ,2016,25.947292760386706
Swaziland,SWZ,2017,24.703226653292205
Swaziland,SWZ,2018,23.534120259140735
Swaziland,SWZ,2019,22.319663023117
Sweden,SWE,2015,11.759238018690441
Sweden,SWE,2016,11.659157111173247
Sweden,SWE,2017,11.618377357336751
Sweden,SWE,2018,11.249797312254262
Sweden,SWE,2019,11.076735528307589
Switzerland,CHE,2015,10.78683153905702
Switzerland,CHE,2016,10.295180992191256
Switzerland,CHE,2017,9.95626622366707
Switzerland,CHE,2018,9.442203558834024
Switzerland,CHE,2019,9.316062337467498
Syria,SYR,2015,3.0085807427374696
Syria,SYR,2016,3.0359652607770133
Syria,SYR,2017,3.0628958905858417
Syria,SYR,2018,3.078452310515754
Syria,SYR,2019,3.082293675834596
Taiwan,TWN,2015,13.68962324079083
Taiwan,TWN,2016,13.615883130593565
Taiwan,TWN,2017,13.180563476547004
Taiwan,TWN,2018,13.398088137778096
Taiwan,TWN,2019,13.524313321107009
Tajikistan,TJK,2015,5.4430702326365585
Tajikistan,TJK,2016,5.5695195824192805
Tajikistan,TJK,2018,5.848133276839614
Tajikistan,TJK,2019,5.753966106134194
Tanzania,TZA,2015,8.711964987819787
Tanzania,TZA,2016,8.723487582595453
Tanzania,TZA,2017,8.764310314562664
Tanzania,TZA,2018,8.797740581136884
Tanzania,TZA,2019,8.817061528333829
Thailand,THA,2015,9.911234388555453
Thailand,THA,2016,9.966114708486092
Thailand,THA,2017,10.035679944971433
Thailand,THA,2019,10.442473248229238
Timor,TLS,2015,7.201325645959803
Timor,TLS,2016,7.277817710520394
Timor,TLS,2017,7.3289204099160274
Timor,TLS,2018,7.36024287280791
Timor,TLS,2019,7.370243834438101
Togo,TGO,2015,12.723624863110615
Togo,TGO,2016,12.537315388813921
Togo,TGO,2017,12.391365569040067
Togo,TGO,2018,12.308902951504603
Togo,TGO,2019,12.260245175132614
Tonga,TON,2015,6.051566496301903
Tonga,TON,2016,6.047445715607733
Tonga,TON,2017,6.037796290396106
Tonga,TON,2018,6.005841422193444
Tonga,TON,2019,5.966460411697084
Trinidad and Tobago,TTO,2015,10.149561760207957
Trinidad and Tobago,TTO,2016,10.101241883519382
Trinidad and Tobago,TTO,2017,9.979155954205673
Trinidad and Tobago,TTO,2018,10.041671631565352
Trinidad and Tobago,TTO,2019,10.12269789405623
Tropical Latin America,,2015,6.040373972965716
Tropical Latin America,,2016,6.002490911209465
Tropical Latin America,,2017,5.982396926856829
Tropical Latin America,,2018,6.0698546423810384
Tropical Latin America,,2019,6.087823117125856
Tunisia,TUN,2015,3.1946046805289696
Tunisia,TUN,2016,3.1946046805289696
Tunisia,TUN,2017,3.1662657145379614
Tunisia,TUN,2018,3.13699198786215
Tunisia,TUN,2019,3.1109252331176784
Turkey,TUR,2015,3.243146767260504
Turkey,TUR,2016,3.348255860630333
Turkey,TUR,2017,3.3447611773285373
Turkey,TUR,2018,3.349188129766339
Turkey,TUR,2019,3.310770445952757
Turkmenistan,TKM,2015,8.921983043184987
Turkmenistan,TKM,2016,8.863910556332288
Turkmenistan,TKM,2017,8.507998805861028
Turkmenistan,TKM,2018,8.730908738223256
Turkmenistan,TKM,2019,8.68297839753386
Uganda,UGA,2015,12.548780114193656
Uganda,UGA,2016,12.300291523755988
Uganda,UGA,2017,11.905688664109077
Uganda,UGA,2018,11.595886499023612
Uganda,UGA,2019,11.54396232754875
Ukraine,UKR,2015,19.951833070513874
Ukraine,UKR,2016,20.112420914020497
Ukraine,UKR,2018,27.966062940371817
Ukraine,UKR,2019,25.622225355314615
United Arab Emirates,ARE,2015,5.17414839743681
United Arab Emirates,ARE,2016,5.1631823989009575
United Arab Emirates,ARE,2017,5.14906746447069
United Arab Emirates,ARE,2018,5.113126558771343
United Arab Emirates,ARE,2019,5.0747919401140456
United Kingdom,GBR,2015,7.19288264053197
United Kingdom,GBR,2016,7.147944688299214
United Kingdom,GBR,2017,7.272896366630384
United Kingdom,GBR,2018,7.368399813978433
United Kingdom,GBR,2019,7.356320551739103
United States,USA,2015,12.038785325633947
United States,USA,2016,12.193175870606275
United States,USA,2017,12.505123341338336
United States,USA,2018,12.841485298546411
United States,USA,2019,12.835756677948558
United States Virgin Islands,VIR,2015,6.147704551612486
United States Virgin Islands,VIR,2016,6.20838135164492
United States Virgin Islands,VIR,2018,6.270592321613588
United States Virgin Islands,VIR,2019,6.297082645107602
Uruguay,URY,2015,17.092572990325234
Uruguay,URY,2016,16.880856677026
Uruguay,URY,2017,17.11911239815323
Uruguay,URY,2018,17.000351904953295
Uruguay,URY,2019,16.81815712432734
Uzbekistan,UZB,2015,9.680986630152118
Uzbekistan,UZB,2016,9.827915256598638
Uzbekistan,UZB,2017,9.529769798366786
Uzbekistan,UZB,2018,9.475538635803263
Uzbekistan,UZB,2019,9.475538635803263
Vanuatu,VUT,2015,17.860571472549605
Vanuatu,VUT,2016,17.794051257085318
Vanuatu,VUT,2017,17.755549821405115
Vanuatu,VUT,2018,17.73193754904564
Vanuatu,VUT,2019,17.699600953242186
Venezuela,VEN,2015,8.39451263028913
Venezuela,VEN,2016,8.44563460831302
Venezuela,VEN,2018,8.599015475919634
Venezuela,VEN,2019,8.677951246834603
Vietnam,VNM,2015,7.5255225907911845
Vietnam,VNM,2016,7.50392131438638
Vietnam,VNM,2017,7.481462725231906
Vietnam,VNM,2018,7.460807378957915
Vietnam,VNM,2019,7.422037807124594
Wales,,2015,8.266526764138776
Wales,,2016,7.789950301556675
Wales,,2017,8.273339567949158
Wales,,2018,8.523388004709203
Wales,,2019,8.59760714172564
Western Europe,,2015,8.908075093082294
Western Europe,,2016,8.683052395945598
Western Europe,,2017,8.685626788206342
Western Europe,,2018,8.566270699725482
Western Europe,,2019,8.515449623519306
Western Sub-Saharan Africa,,2015,9.627962091192016
Western Sub-Saharan Africa,,2016,9.612865565736799
Western Sub-Saharan Africa,,2017,9.571173656279274
Western Sub-Saharan Africa,,2018,9.557752468308822
Western Sub-Saharan Africa,,2019,9.496387950164335
World,OWID_WRL,2015,10.451020456516813
World,OWID_WRL,2016,10.311362176738491
World,OWID_WRL,2017,10.158487817767893
World,OWID_WRL,2018,10.068275308446038
World,OWID_WRL,2019,9.976258268013542
Yemen,YEM,2015,5.965534718033172
Yemen,YEM,2016,5.922167779594736
Yemen,YEM,2017,5.942086150356856
Yemen,YEM,2018,5.977991206149291
Yemen,YEM,2019,6.013435167514497
Zambia,ZMB,2015,13.1233040118943
Zambia,ZMB,2016,13.05770377544131
Zambia,ZMB,2017,13.073489731706038
Zambia,ZMB,2018,13.104818702978184
Zambia,ZMB,2019,13.060060938971436
Zimbabwe,ZWE,2015,27.605547434027287
Zimbabwe,ZWE,2016,27.605547434027287
Zimbabwe,ZWE,2017,27.197061240022396
Zimbabwe,ZWE,2018,26.839591008599502
Zimbabwe,ZWE,2019,26.391769150885736
